{
  "author": "WenXin2",
  "forClass": "greekfantasy.entity.ArachneEntity",
  "modelFieldName": "field_78116_c",
  "affectedByInvisibility": false,
  "eyeOffset": [
    0.0,
    0.24,
    0.25
  ],
  "irisColour": [
    0.8,
    0.0,
    0.0
  ],
  "halfInterpupillaryDistance": 0.0625,
  "eyeScale": 0.8,
  "doesEyeGlow": true,
  "headTopCenter": [
    0.0,
    0.5,
    0.00625
  ],
  "additionalHeads": [
    {
      "modelFieldName": "field_78116_c",
      "eyeOffset": [
        0.0,
        0.4125,
        0.25
      ],
      "irisColour": [
        0.8,
        0.0,
        0.0
      ],
      "halfInterpupillaryDistance2": 0.125,
      "doesEyeGlow": true,
      "noTopInfo": true
    },
    {
      "modelFieldName": "field_78116_c",
      "irisColour": [
        0.8,
        0.0,
        0.0
      ],
      "halfInterpupillaryDistance": 0.25,
      "eyeYRotation": 45.0,
      "doesEyeGlow": true,
      "noTopInfo": true
    }
  ]
}