{
  "eyeOffsetNormal": [
    0.0,
    0.59375,
    -0.0625
  ],
  "halfInterpupillaryDistanceNormal": 0.1875,
  "eyeScaleNormal": 0.6,
  "headTopCenterNormal": [
    0.003124997,
    0.6875,
    -0.09375
  ],
  "headScaleNormal": 0.875,
  "forClass": "net.minecraft.entity.passive.horse.AbstractHorseEntity",
  "customClass": "me.ichun.mods.ichunutil.common.head.entity.HeadHorse",
  "eyeOffset": [
    0.0,
    0.375,
    0.3125
  ],
  "halfInterpupillaryDistance": 0.1875,
  "eyeScale": 0.9,
  "headTopCenter": [
    0.0,
    0.50625,
    0.0
  ],
  "headScale": 1.265625
}