{
  "eyeOffsetNormal": [
    0.0,
    0.8875,
    0.375
  ],
  "halfInterpupillaryDistanceNormal": 0.14375,
  "eyeScaleNormal": 0.8,
  "headTopCenterNormal": [
    0.0,
    1.0,
    0.1875
  ],
  "headScaleNormal": 1.0,
  "forClass": "net.minecraft.entity.passive.horse.LlamaEntity",
  "customClass": "me.ichun.mods.ichunutil.common.head.entity.HeadLlama",
  "eyeOffset": [
    0.0,
    0.125,
    0.5
  ],
  "halfInterpupillaryDistance": 0.1875,
  "eyeScale": 0.9,
  "headTopCenter": [
    0.0,
    0.1875,
    0.125
  ],
  "headScale": 1.5
}