{
  "forClass": "net.minecraft.entity.player.PlayerEntity",
  "modelFieldName": "field_78116_c",
  "isBoss": false,
  "noFaceInfo": false,
  "eyeOffset": [
    0.0,
    0.25,
    0.25
  ],
  "irisColour": [
    0.9,
    0.9,
    0.9
  ],
  "pupilColour": [
    0.0,
    0.0,
    0.0
  ],
  "halfInterpupillaryDistance": 0.125,
  "eyeScale": 0.75,
  "sideEyed": false,
  "topEyed": false,
  "eyeCount": 2,
  "affectedByInvisibility": true,
  "doesEyeGlow": false,
  "noTopInfo": false,
  "headTopCenter": [
    0.0,
    0.5,
    0.0
  ],
  "headScale": 1.0,
  "headCount": 1,
  "hatTiltPitch": 0.0,
  "hatTiltYaw": 0.0,
  "headArmorOffset": [
    0.0,
    0.0625,
    0.0
  ],
  "headArmorScale": 1.265625
}