{
  "eyeOffsetB": [
    0.0,
    -0.03125,
    0.09375
  ],
  "headTopCenterB": [
    0.0,
    0.1875,
    0.125
  ],
  "forClass": "net.minecraft.entity.passive.fish.TropicalFishEntity",
  "customClass": "me.ichun.mods.ichunutil.common.head.entity.HeadTropicalFish",
  "eyeOffset": [
    0.0,
    0.0,
    0.15625
  ],
  "halfInterpupillaryDistance": 0.0625,
  "eyeScale": 0.4,
  "sideEyed": true,
  "headTopCenter": [
    0.0,
    0.09375,
    0.125
  ],
  "headScale": 0.25
}