{
  "headJointSideHeadLeft": [
    -0.625,
    -0.25,
    0.0
  ],
  "headJointSideHeadRight": [
    0.5,
    -0.25,
    0.0
  ],
  "eyeOffsetSideHead": [
    0.0625,
    0.125,
    0.25
  ],
  "halfInterpupillaryDistanceSideHead": 0.15625,
  "eyeScaleSideHead": 0.75,
  "headScaleSideHead": 0.75,
  "headTopCenterSideHead": [
    0.0625,
    0.25,
    0.0625
  ],
  "forClass": "net.minecraft.entity.boss.WitherEntity",
  "customClass": "me.ichun.mods.ichunutil.common.head.entity.HeadWither",
  "modelFieldName": "field_82904_b",
  "isBoss": true,
  "eyeOffset": [
    0.0,
    0.0,
    0.25
  ],
  "eyeScale": 1.0,
  "eyeCount": 6,
  "headTopCenter": [
    0.0,
    0.25,
    0.0
  ],
  "headCount": 3
}